{"epoch": 288, "total_active_stake": 23136223153988390, "total_fees": 99992854778, "block_count": 21136, "total_blocks": 21600, "max_supply": 45000000000000000, "rho": 0.003, "tau": 0.2, "a0": 0.3, "k": 500, "z0": 0.002, "total_supply": 33095610707522483, "pool_active_stake": 9283494841935, "pool_live_stake": 10393821406016, "declared_pledge": 50000000000, "live_pledge": 59599853318, "margin_cost": 0.009, "fixed_cost": 340000000, "block_minted": 6, "Re": 35713167877432.55, "total_rewards(R)": 28570534301946.04, "sigma_prime": 0.0002805053190882773, "sigma_a": 0.0004012536869197099, "s_prime": 1.8008386019736817e-06, "f_s_sigma": 6166415177.296638, "beta": 0.0002777777777777778, "pool_perf": 0.6922747050879077, "pool_reward": 4268853248.312628, "pool_fee": 378419679.23481363, "delegators_reward": 3890433569.077814}