{"epoch": 291, "total_active_stake": 23219858534473043, "total_fees": 88508486990, "block_count": 21261, "total_blocks": 21600, "max_supply": 45000000000000000, "rho": 0.003, "tau": 0.2, "a0": 0.3, "k": 500, "z0": 0.002, "total_supply": 33161853118281413, "pool_active_stake": 10010608072942, "pool_live_stake": 9574203741669, "declared_pledge": 50000000000, "live_pledge": 60919457681, "margin_cost": 0.0, "fixed_cost": 340000000, "block_minted": 8, "Re": 35514440645155.766, "total_rewards(R)": 28411552516124.613, "sigma_prime": 0.0003018711902871124, "sigma_a": 0.00043112269861936877, "s_prime": 1.8370341809220674e-06, "f_s_sigma": 6599215614.466374, "beta": 0.00037037037037037035, "pool_perf": 0.8590834385580898, "pool_reward": 5669276841.86201, "pool_fee": 340000000.0, "delegators_reward": 5329276841.86201}