{"epoch": 289, "total_active_stake": 23311196777534712, "total_fees": 105082493097, "block_count": 21195, "total_blocks": 21600, "max_supply": 45000000000000000, "rho": 0.003, "tau": 0.2, "a0": 0.3, "k": 500, "z0": 0.002, "total_supply": 33117618880452547, "pool_active_stake": 10187063331360, "pool_live_stake": 10406327585248, "declared_pledge": 50000000000, "live_pledge": 60047702068, "margin_cost": 0.009, "fixed_cost": 340000000, "block_minted": 13, "Re": 35647143358642.36, "total_rewards(R)": 28517714686913.89, "sigma_prime": 0.0003076025292800518, "sigma_a": 0.00043700301741596547, "s_prime": 1.813164837869511e-06, "f_s_sigma": 6749611586.204726, "beta": 0.0006018518518518519, "pool_perf": 1.3772258494017984, "pool_reward": 9295739549.943024, "pool_fee": 423661655.9494872, "delegators_reward": 8872077893.993536}