{"epoch": 290, "total_active_stake": 23253494675755279, "total_fees": 88193252097, "block_count": 21320, "total_blocks": 21600, "max_supply": 45000000000000000, "rho": 0.003, "tau": 0.2, "a0": 0.3, "k": 500, "z0": 0.002, "total_supply": 33139680532518730, "pool_active_stake": 10401606612461, "pool_live_stake": 10011490388824, "declared_pledge": 50000000000, "live_pledge": 60447068093, "margin_cost": 0.009, "fixed_cost": 340000000, "block_minted": 12, "Re": 35580958402443.81, "total_rewards(R)": 28464766721955.05, "sigma_prime": 0.0003138716621680855, "sigma_a": 0.0004473136944575473, "s_prime": 1.8240087750298484e-06, "f_s_sigma": 6874396999.9755, "beta": 0.0005555555555555556, "pool_perf": 1.241981997061977, "pool_reward": 8537877314.626435, "pool_fee": 416840895.8316379, "delegators_reward": 8121036418.794797}