{"epoch": 292, "total_active_stake": 23325839206372436, "total_fees": 94575307119, "block_count": 21264, "total_blocks": 21600, "max_supply": 45000000000000000, "rho": 0.003, "tau": 0.2, "a0": 0.3, "k": 500, "z0": 0.002, "total_supply": 33184157162220301, "pool_active_stake": 10019734851274, "pool_live_stake": 9577160720109, "declared_pledge": 50000000000, "live_pledge": 61380129042, "margin_cost": 0.0, "fixed_cost": 340000000, "block_minted": 12, "Re": 35447528513339.1, "total_rewards(R)": 28358022810671.28, "sigma_prime": 0.00030194332802525804, "sigma_a": 0.0004295551710969819, "s_prime": 1.8496817243826347e-06, "f_s_sigma": 6588368551.42898, "beta": 0.0005555555555555556, "pool_perf": 1.2933275931396626, "pool_reward": 8520918841.336688, "pool_fee": 340000000.0, "delegators_reward": 8180918841.336688}