{"epoch": 293, "total_active_stake": 23395112387185878, "total_fees": 92010214941, "block_count": 21243, "total_blocks": 21600, "max_supply": 45000000000000000, "rho": 0.003, "tau": 0.2, "a0": 0.3, "k": 500, "z0": 0.002, "total_supply": 33206309572085375, "pool_active_stake": 9583368025946, "pool_live_stake": 9605670012408, "declared_pledge": 50000000000, "live_pledge": 61799976865, "margin_cost": 0.0, "fixed_cost": 340000000, "block_minted": 6, "Re": 35381071283743.875, "total_rewards(R)": 28304857026995.1, "sigma_prime": 0.00028860081561132535, "sigma_a": 0.0004096312027633201, "s_prime": 1.8610913908045858e-06, "f_s_sigma": 6285440518.373178, "beta": 0.0002777777777777778, "pool_perf": 0.6781167447790211, "pool_reward": 4262262463.821382, "pool_fee": 340000000.0, "delegators_reward": 3922262463.821382}