{"epoch": 294, "total_active_stake": 23382668673546580, "total_fees": 85521391572, "block_count": 20960, "total_blocks": 21600, "max_supply": 45000000000000000, "rho": 0.003, "tau": 0.2, "a0": 0.3, "k": 500, "z0": 0.002, "total_supply": 33228495612391330, "pool_active_stake": 9582594292398, "pool_live_stake": 9585566701132, "declared_pledge": 50000000000, "live_pledge": 62262912121, "margin_cost": 0.0, "fixed_cost": 340000000, "block_minted": 10, "Re": 35314513162826.01, "total_rewards(R)": 28251610530260.81, "sigma_prime": 0.00028838483704403785, "sigma_a": 0.00040981610893879865, "s_prime": 1.8737806504180517e-06, "f_s_sigma": 6268933318.155478, "beta": 0.000462962962962963, "pool_perf": 1.1296846387073116, "pool_reward": 7081917670.600698, "pool_fee": 340000000.0, "delegators_reward": 6741917670.600698}