{"epoch": 295, "total_active_stake": 23411124422164299, "total_fees": 78295367024, "block_count": 21081, "total_blocks": 21600, "max_supply": 45000000000000000, "rho": 0.003, "tau": 0.2, "a0": 0.3, "k": 500, "z0": 0.002, "total_supply": 33250650235236357, "pool_active_stake": 9613848814507, "pool_live_stake": 6275884095986, "declared_pledge": 50000000000, "live_pledge": 62663110676, "margin_cost": 0.0, "fixed_cost": 340000000, "block_minted": 9, "Re": 35248049294290.93, "total_rewards(R)": 28198439435432.746, "sigma_prime": 0.00028913265594785327, "sigma_a": 0.00041065301440221144, "s_prime": 1.8845679778494884e-06, "f_s_sigma": 6273370457.406061, "beta": 0.0004166666666666667, "pool_perf": 1.0146441205921972, "pool_reward": 6365238450.903843, "pool_fee": 340000000.0, "delegators_reward": 6025238450.903843}