{"epoch": 296, "total_active_stake": 23445774697795279, "total_fees": 76580372441, "block_count": 20849, "total_blocks": 21600, "max_supply": 45000000000000000, "rho": 0.003, "tau": 0.2, "a0": 0.3, "k": 500, "z0": 0.002, "total_supply": 33272442585772350, "pool_active_stake": 9589846797722, "pool_live_stake": 6566939355731, "declared_pledge": 50000000000, "live_pledge": 63046585653, "margin_cost": 0.0, "fixed_cost": 340000000, "block_minted": 11, "Re": 35182672242682.95, "total_rewards(R)": 28146137794146.36, "sigma_prime": 0.00028822190535006647, "sigma_a": 0.0004090223898050074, "s_prime": 1.894858950931345e-06, "f_s_sigma": 6242020190.926247, "beta": 0.0005092592592592592, "pool_perf": 1.2450645049089797, "pool_reward": 7771717778.647442, "pool_fee": 340000000.0, "delegators_reward": 7431717778.647442}