{"epoch": 297, "total_active_stake": 23478023193513019, "total_fees": 78382709752, "block_count": 21168, "total_blocks": 21600, "max_supply": 45000000000000000, "rho": 0.003, "tau": 0.2, "a0": 0.3, "k": 500, "z0": 0.002, "total_supply": 33294346641601611, "pool_active_stake": 6280661953931, "pool_live_stake": 6536600924062, "declared_pledge": 50000000000, "live_pledge": 63425595385, "margin_cost": 0.0, "fixed_cost": 340000000, "block_minted": 3, "Re": 35116960075195.164, "total_rewards(R)": 28093568060156.133, "sigma_prime": 0.00018864049268001707, "sigma_a": 0.00026751238390744703, "s_prime": 1.9049959462411885e-06, "f_s_sigma": 4077757709.7736354, "beta": 0.0001388888888888889, "pool_perf": 0.5191867638432065, "pool_reward": 2117117829.074059, "pool_fee": 340000000.0, "delegators_reward": 1777117829.074059}