{"epoch": 298, "total_active_stake": 23511990337865722, "total_fees": 98589384465, "block_count": 20840, "total_blocks": 21600, "max_supply": 45000000000000000, "rho": 0.003, "tau": 0.2, "a0": 0.3, "k": 500, "z0": 0.002, "total_supply": 33315980461270295, "pool_active_stake": 6571693665979, "pool_live_stake": 6523788406797, "declared_pledge": 50000000000, "live_pledge": 63815584320, "margin_cost": 0.0, "fixed_cost": 340000000, "block_minted": 9, "Re": 35052058616189.113, "total_rewards(R)": 28041646892951.293, "sigma_prime": 0.00019725349742051175, "sigma_a": 0.00027950392848687854, "s_prime": 1.9154646940132943e-06, "f_s_sigma": 4256067898.152117, "beta": 0.0004166666666666667, "pool_perf": 1.4907363518013212, "pool_reward": 6344675131.510004, "pool_fee": 340000000.0, "delegators_reward": 6004675131.510004}