{"epoch": 299, "total_active_stake": 23564534162883159, "total_fees": 124341767708, "block_count": 20982, "total_blocks": 21600, "max_supply": 45000000000000000, "rho": 0.003, "tau": 0.2, "a0": 0.3, "k": 500, "z0": 0.002, "total_supply": 33656112930326501, "pool_active_stake": 6541675002558, "pool_live_stake": 6683549192074, "declared_pledge": 50000000000, "live_pledge": 64173417450, "margin_cost": 0.0, "fixed_cost": 340000000, "block_minted": 4, "Re": 34031661209020.5, "total_rewards(R)": 27225328967216.402, "sigma_prime": 0.00019436810828690485, "sigma_a": 0.00027760680339957187, "s_prime": 1.9067388317495e-06, "f_s_sigma": 4071719829.3666787, "beta": 0.00018518518518518518, "pool_perf": 0.6670772578964496, "pool_reward": 2716151698.6965237, "pool_fee": 340000000.0, "delegators_reward": 2376151698.6965237}