{"epoch": 300, "total_active_stake": 23882888816746304, "total_fees": 88206195240, "block_count": 21225, "total_blocks": 21600, "max_supply": 45000000000000000, "rho": 0.003, "tau": 0.2, "a0": 0.3, "k": 500, "z0": 0.002, "total_supply": 33676945631799527, "pool_active_stake": 6526202849503, "pool_live_stake": 6672050395079, "declared_pledge": 50000000000, "live_pledge": 64569160101, "margin_cost": 0.0, "fixed_cost": 340000000, "block_minted": 5, "Re": 33969163104601.418, "total_rewards(R)": 27175330483681.137, "sigma_prime": 0.00019378844271852907, "sigma_a": 0.0002732585199210461, "s_prime": 1.917310459415014e-06, "f_s_sigma": 4052127693.593391, "beta": 0.0002314814814814815, "pool_perf": 0.8471153307438118, "pool_reward": 3432619491.3745246, "pool_fee": 340000000.0, "delegators_reward": 3092619491.3745246}