{"epoch": 301, "total_active_stake": 23857504839454979, "total_fees": 97036953903, "block_count": 20989, "total_blocks": 21600, "max_supply": 45000000000000000, "rho": 0.003, "tau": 0.2, "a0": 0.3, "k": 500, "z0": 0.002, "total_supply": 33697893006830954, "pool_active_stake": 6689644852624, "pool_live_stake": 6136474635141, "declared_pledge": 50000000000, "live_pledge": 64932372423, "margin_cost": 0.0, "fixed_cost": 340000000, "block_minted": 6, "Re": 33906320979507.14, "total_rewards(R)": 27125056783605.715, "sigma_prime": 0.00019851819374190342, "sigma_a": 0.00028040002077504866, "s_prime": 1.926897103324456e-06, "f_s_sigma": 4143353898.9494996, "beta": 0.0002777777777777778, "pool_perf": 0.9906482068367085, "pool_reward": 4104606110.2842064, "pool_fee": 340000000.0, "delegators_reward": 3764606110.2842064}