{"epoch": 302, "total_active_stake": 23848572589189307, "total_fees": 202279497524, "block_count": 21203, "total_blocks": 21600, "max_supply": 45000000000000000, "rho": 0.003, "tau": 0.2, "a0": 0.3, "k": 500, "z0": 0.002, "total_supply": 33719282563076624, "pool_active_stake": 6674853110607, "pool_live_stake": 6636783960679, "declared_pledge": 50000000000, "live_pledge": 65304230785, "margin_cost": 0.0, "fixed_cost": 340000000, "block_minted": 12, "Re": 33842152310770.13, "total_rewards(R)": 27073721848616.105, "sigma_prime": 0.00019795359222488662, "sigma_a": 0.0002798848059205333, "s_prime": 1.93670285430419e-06, "f_s_sigma": 4123756682.8376985, "beta": 0.0005555555555555556, "pool_perf": 1.984943604667459, "pool_reward": 8185424454.803384, "pool_fee": 340000000.0, "delegators_reward": 7845424454.803384}