{"epoch": 303, "total_active_stake": 23849267970809683, "total_fees": 103395856418, "block_count": 20948, "total_blocks": 21600, "max_supply": 45000000000000000, "rho": 0.003, "tau": 0.2, "a0": 0.3, "k": 500, "z0": 0.002, "total_supply": 33740342371238805, "pool_active_stake": 6139657503871, "pool_live_stake": 6123484064842, "declared_pledge": 50000000000, "live_pledge": 65680581111, "margin_cost": 0.0, "fixed_cost": 340000000, "block_minted": 6, "Re": 33778972886283.59, "total_rewards(R)": 27023178309026.875, "sigma_prime": 0.0001819678483495358, "sigma_a": 0.00025743588907574166, "s_prime": 1.9466483294190852e-06, "f_s_sigma": 3783670386.2807093, "beta": 0.0002777777777777778, "pool_perf": 1.0790172993170009, "pool_reward": 4082645801.7103243, "pool_fee": 340000000.0, "delegators_reward": 3742645801.7103243}