{"epoch": 304, "total_active_stake": 23856125875170714, "total_fees": 308293830822, "block_count": 21095, "total_blocks": 21600, "max_supply": 45000000000000000, "rho": 0.003, "tau": 0.2, "a0": 0.3, "k": 500, "z0": 0.002, "total_supply": 33761530073797651, "pool_active_stake": 6640883496068, "pool_live_stake": 6079114207901, "declared_pledge": 50000000000, "live_pledge": 66097003182, "margin_cost": 0.0, "fixed_cost": 340000000, "block_minted": 1, "Re": 33715409778607.043, "total_rewards(R)": 26972327822885.637, "sigma_prime": 0.00019669971951958405, "sigma_a": 0.0002783722525114518, "s_prime": 1.957760890502351e-06, "f_s_sigma": 4082302581.3858685, "beta": 4.6296296296296294e-05, "pool_perf": 0.16631074354076197, "pool_reward": 678930777.6686558, "pool_fee": 340000000.0, "delegators_reward": 338930777.66865575}