{"epoch": 305, "total_active_stake": 23854747611964258, "total_fees": 156264770889, "block_count": 21025, "total_blocks": 21600, "max_supply": 45000000000000000, "rho": 0.003, "tau": 0.2, "a0": 0.3, "k": 500, "z0": 0.002, "total_supply": 33782431257232837, "pool_active_stake": 6131075999679, "pool_live_stake": 4641776432005, "declared_pledge": 50000000000, "live_pledge": 66476638615, "margin_cost": 0.0, "fixed_cost": 340000000, "block_minted": 9, "Re": 33652706228301.492, "total_rewards(R)": 26922164982641.195, "sigma_prime": 0.00018148711538830805, "sigma_a": 0.0002570170139466905, "s_prime": 1.9677872829465854e-06, "f_s_sigma": 3759580033.4791493, "beta": 0.0004166666666666667, "pool_perf": 1.6211637520350701, "pool_reward": 6094894873.151193, "pool_fee": 340000000.0, "delegators_reward": 5754894873.151193}