{"epoch": 306, "total_active_stake": 23836977371261268, "total_fees": 114439696442, "block_count": 21141, "total_blocks": 21600, "max_supply": 45000000000000000, "rho": 0.003, "tau": 0.2, "a0": 0.3, "k": 500, "z0": 0.002, "total_supply": 33803366932262304, "pool_active_stake": 6083179444491, "pool_live_stake": 4643667922984, "declared_pledge": 50000000000, "live_pledge": 66820036474, "margin_cost": 0.0, "fixed_cost": 340000000, "block_minted": 8, "Re": 33589899203213.09, "total_rewards(R)": 26871919362570.473, "sigma_prime": 0.00017995779700527838, "sigma_a": 0.0002551992792435631, "s_prime": 1.9767272475519655e-06, "f_s_sigma": 3720946876.0697985, "beta": 0.00037037037037037035, "pool_perf": 1.4512986536176207, "pool_reward": 5400205191.422791, "pool_fee": 340000000.0, "delegators_reward": 5060205191.422791}