{"epoch": 307, "total_active_stake": 23854464200396318, "total_fees": 127647415455, "block_count": 20910, "total_blocks": 21600, "max_supply": 45000000000000000, "rho": 0.003, "tau": 0.2, "a0": 0.3, "k": 500, "z0": 0.002, "total_supply": 33824240746574389, "pool_active_stake": 4642358222027, "pool_live_stake": 4612411107106, "declared_pledge": 50000000000, "live_pledge": 67222223432, "margin_cost": 0.0, "fixed_cost": 340000000, "block_minted": 6, "Re": 33527277760276.836, "total_rewards(R)": 26821822208221.47, "sigma_prime": 0.00013724944358129202, "sigma_a": 0.00019461171640777712, "s_prime": 1.9873978527901785e-06, "f_s_sigma": 2832586768.267119, "beta": 0.0002777777777777778, "pool_perf": 1.4273435479893706, "pool_reward": 4043074447.8061347, "pool_fee": 340000000.0, "delegators_reward": 3703074447.8061347}