{"epoch": 308, "total_active_stake": 23828103259412320, "total_fees": 103811542089, "block_count": 21033, "total_blocks": 21600, "max_supply": 45000000000000000, "rho": 0.003, "tau": 0.2, "a0": 0.3, "k": 500, "z0": 0.002, "total_supply": 33845183759630662, "pool_active_stake": 4648408982396, "pool_live_stake": 4617846002980, "declared_pledge": 50000000000, "live_pledge": 67617575817, "margin_cost": 0.0, "fixed_cost": 340000000, "block_minted": 6, "Re": 33464448721108.016, "total_rewards(R)": 26771558976886.414, "sigma_prime": 0.00013734329278307708, "sigma_a": 0.00019508094839902274, "s_prime": 1.997849274426214e-06, "f_s_sigma": 2829216167.0248933, "beta": 0.0002777777777777778, "pool_perf": 1.4239103308520173, "pool_reward": 4028550128.4402924, "pool_fee": 340000000.0, "delegators_reward": 3688550128.4402924}