{"epoch": 309, "total_active_stake": 23765024934948158, "total_fees": 134784675796, "block_count": 20804, "total_blocks": 21600, "max_supply": 45000000000000000, "rho": 0.003, "tau": 0.2, "a0": 0.3, "k": 500, "z0": 0.002, "total_supply": 33865878493803732, "pool_active_stake": 4616602023483, "pool_live_stake": 4645665913218, "declared_pledge": 50000000000, "live_pledge": 68010955602, "margin_cost": 0.0, "fixed_cost": 340000000, "block_minted": 5, "Re": 33402364518588.805, "total_rewards(R)": 26721891614871.047, "sigma_prime": 0.00013632016143705458, "sigma_a": 0.00019426034839517287, "s_prime": 2.008244245441429e-06, "f_s_sigma": 2802934492.0099096, "beta": 0.0002314814814814815, "pool_perf": 1.1916043772895526, "pool_reward": 3339989009.934877, "pool_fee": 340000000.0, "delegators_reward": 2999989009.934877}