{"epoch": 310, "total_active_stake": 23777625558169828, "total_fees": 116225490530, "block_count": 21045, "total_blocks": 21600, "max_supply": 45000000000000000, "rho": 0.003, "tau": 0.2, "a0": 0.3, "k": 500, "z0": 0.002, "total_supply": 33886652523426901, "pool_active_stake": 4621864816037, "pool_live_stake": 4648652090828, "declared_pledge": 50000000000, "live_pledge": 68404334395, "margin_cost": 0.0, "fixed_cost": 340000000, "block_minted": 4, "Re": 33340042429719.3, "total_rewards(R)": 26672033943775.44, "sigma_prime": 0.00013639189686386876, "sigma_a": 0.0001943787366291063, "s_prime": 2.0186217670131315e-06, "f_s_sigma": 2799181252.487371, "beta": 0.00018518518518518518, "pool_perf": 0.9527028953714041, "pool_reward": 2666788083.9140716, "pool_fee": 340000000.0, "delegators_reward": 2326788083.9140716}