{"epoch": 311, "total_active_stake": 23732237106487225, "total_fees": 107642266965, "block_count": 21090, "total_blocks": 21600, "max_supply": 45000000000000000, "rho": 0.003, "tau": 0.2, "a0": 0.3, "k": 500, "z0": 0.002, "total_supply": 33907106263005372, "pool_active_stake": 4649675435482, "pool_live_stake": 4137057861011, "declared_pledge": 50000000000, "live_pledge": 68788353865, "margin_cost": 0.0, "fixed_cost": 340000000, "block_minted": 5, "Re": 33278681210983.883, "total_rewards(R)": 26622944968787.11, "sigma_prime": 0.00013712982167856261, "sigma_a": 0.00019592234034317008, "s_prime": 2.0287297102687912e-06, "f_s_sigma": 2809150276.881857, "beta": 0.0002314814814814815, "pool_perf": 1.181496102363964, "pool_reward": 3319000103.0905643, "pool_fee": 340000000.0, "delegators_reward": 2979000103.0905643}