{"epoch": 312, "total_active_stake": 23741900713307325, "total_fees": 135522429378, "block_count": 20821, "total_blocks": 21600, "max_supply": 45000000000000000, "rho": 0.003, "tau": 0.2, "a0": 0.3, "k": 500, "z0": 0.002, "total_supply": 33927753982173390, "pool_active_stake": 4652014841750, "pool_live_stake": 4139218781516, "declared_pledge": 50000000000, "live_pledge": 69162634002, "margin_cost": 0.0, "fixed_cost": 340000000, "block_minted": 2, "Re": 33216738053479.832, "total_rewards(R)": 26573390442783.867, "sigma_prime": 0.0001371153199293505, "sigma_a": 0.0001959411294792648, "s_prime": 2.0385267482881425e-06, "f_s_sigma": 2803628958.26902, "beta": 9.259259259259259e-05, "pool_perf": 0.4725531226581557, "pool_reward": 1324863619.0048575, "pool_fee": 340000000.0, "delegators_reward": 984863619.0048575}