{"epoch": 313, "total_active_stake": 23726880119033853, "total_fees": 182577641027, "block_count": 20267, "total_blocks": 21600, "max_supply": 45000000000000000, "rho": 0.003, "tau": 0.2, "a0": 0.3, "k": 500, "z0": 0.002, "total_supply": 33948368466345328, "pool_active_stake": 4139484239633, "pool_live_stake": 4141740348951, "declared_pledge": 50000000000, "live_pledge": 69546497110, "margin_cost": 0.0, "fixed_cost": 340000000, "block_minted": 5, "Re": 33154894600964.016, "total_rewards(R)": 26523915680771.215, "sigma_prime": 0.00012193470339338023, "sigma_a": 0.00017446390839696954, "s_prime": 2.048596155038933e-06, "f_s_sigma": 2488587648.7002234, "beta": 0.0002314814814814815, "pool_perf": 1.3268158647161337, "pool_reward": 3301897573.032077, "pool_fee": 340000000.0, "delegators_reward": 2961897573.032077}