{"epoch": 314, "total_active_stake": 23604987896132501, "total_fees": 192127658577, "block_count": 20390, "total_blocks": 21600, "max_supply": 45000000000000000, "rho": 0.003, "tau": 0.2, "a0": 0.3, "k": 500, "z0": 0.002, "total_supply": 33968614580749356, "pool_active_stake": 4142214360849, "pool_live_stake": 4143088329668, "declared_pledge": 50000000000, "live_pledge": 69901092974, "margin_cost": 0.0, "fixed_cost": 340000000, "block_minted": 6, "Re": 33094156257751.934, "total_rewards(R)": 26475325006201.547, "sigma_prime": 0.00012194239924039968, "sigma_a": 0.00017548046959717657, "s_prime": 2.0578140685671133e-06, "f_s_sigma": 2484188767.2383795, "beta": 0.0002777777777777778, "pool_perf": 1.582955518727693, "pool_reward": 3932360318.661337, "pool_fee": 340000000.0, "delegators_reward": 3592360318.661337}