{"epoch": 315, "total_active_stake": 23537012833083860, "total_fees": 269870823296, "block_count": 20182, "total_blocks": 21600, "max_supply": 45000000000000000, "rho": 0.003, "tau": 0.2, "a0": 0.3, "k": 500, "z0": 0.002, "total_supply": 33988299055004511, "pool_active_stake": 4142959508145, "pool_live_stake": 3679869377388, "declared_pledge": 50000000000, "live_pledge": 70290765497, "margin_cost": 0.0, "fixed_cost": 340000000, "block_minted": 3, "Re": 33035102834986.465, "total_rewards(R)": 26428082267989.17, "sigma_prime": 0.00012189369940049946, "sigma_a": 0.00017601891699364734, "s_prime": 2.0680871785683032e-06, "f_s_sigma": 2478769322.8985434, "beta": 0.0001388888888888889, "pool_perf": 0.7890566040347896, "pool_reward": 1955889304.1119394, "pool_fee": 340000000.0, "delegators_reward": 1615889304.1119394}