{"epoch": 316, "total_active_stake": 23549369658121787, "total_fees": 252763162151, "block_count": 20141, "total_blocks": 21600, "max_supply": 45000000000000000, "rho": 0.003, "tau": 0.2, "a0": 0.3, "k": 500, "z0": 0.002, "total_supply": 34007996390184012, "pool_active_stake": 4146400924282, "pool_live_stake": 1361351735675, "declared_pledge": 50000000000, "live_pledge": 70691324268, "margin_cost": 0.0, "fixed_cost": 340000000, "block_minted": 6, "Re": 32976010829447.965, "total_rewards(R)": 26380808663558.375, "sigma_prime": 0.0001219242932370696, "sigma_a": 0.00017607269258062603, "s_prime": 2.078667718525287e-06, "f_s_sigma": 2474960222.069601, "beta": 0.0002777777777777778, "pool_perf": 1.577631225526807, "pool_reward": 3904574528.273763, "pool_fee": 340000000.0, "delegators_reward": 3564574528.273763}