{"epoch": 317, "total_active_stake": 23582836244979864, "total_fees": 252123552102, "block_count": 20478, "total_blocks": 21600, "max_supply": 45000000000000000, "rho": 0.003, "tau": 0.2, "a0": 0.3, "k": 500, "z0": 0.002, "total_supply": 34027415098892994, "pool_active_stake": 3683409956855, "pool_live_stake": 1338037151025, "declared_pledge": 50000000000, "live_pledge": 71058795328, "margin_cost": 0.0, "fixed_cost": 340000000, "block_minted": 4, "Re": 32917754703321.02, "total_rewards(R)": 26334203762656.816, "sigma_prime": 0.00010824830349734181, "sigma_a": 0.0001561902868082331, "s_prime": 2.0882807325059416e-06, "f_s_sigma": 2193468865.9098253, "beta": 0.00018518518518518518, "pool_perf": 1.185638293964793, "pool_reward": 2600660684.0422144, "pool_fee": 340000000.0, "delegators_reward": 2260660684.0422144}