{"epoch": 318, "total_active_stake": 23583277486361153, "total_fees": 233870176809, "block_count": 20284, "total_blocks": 21600, "max_supply": 45000000000000000, "rho": 0.003, "tau": 0.2, "a0": 0.3, "k": 500, "z0": 0.002, "total_supply": 34046772161176999, "pool_active_stake": 1362227717139, "pool_live_stake": 1339539543185, "declared_pledge": 50000000000, "live_pledge": 71459606078, "margin_cost": 0.0, "fixed_cost": 340000000, "block_minted": 4, "Re": 32859683516469.0, "total_rewards(R)": 26287746813175.203, "sigma_prime": 4.001048060269064e-05, "sigma_a": 5.7762442812573996e-05, "s_prime": 2.0988658114111702e-06, "f_s_sigma": 809307303.3468162, "beta": 0.00018518518518518518, "pool_perf": 3.2059791132114865, "pool_reward": 2594622310.699405, "pool_fee": 340000000.0, "delegators_reward": 2254622310.699405}