{"epoch": 319, "total_active_stake": 23565309681268636, "total_fees": 242157748335, "block_count": 20414, "total_blocks": 21600, "max_supply": 45000000000000000, "rho": 0.003, "tau": 0.2, "a0": 0.3, "k": 500, "z0": 0.002, "total_supply": 34066349127638568, "pool_active_stake": 1339539714890, "pool_live_stake": 1340713427378, "declared_pledge": 50000000000, "live_pledge": 71843274361, "margin_cost": 0.0, "fixed_cost": 340000000, "block_minted": 3, "Re": 32800952617084.297, "total_rewards(R)": 26240762093667.438, "sigma_prime": 3.932149318000179e-05, "sigma_a": 5.684371362005738e-05, "s_prime": 2.1089220359898328e-06, "f_s_sigma": 793950147.603646, "beta": 0.0001388888888888889, "pool_perf": 2.44334650296109, "pool_reward": 1939895316.6728098, "pool_fee": 340000000.0, "delegators_reward": 1599895316.6728098}