{"epoch": 320, "total_active_stake": 23561047526582598, "total_fees": 233553475002, "block_count": 20284, "total_blocks": 21600, "max_supply": 45000000000000000, "rho": 0.003, "tau": 0.2, "a0": 0.3, "k": 500, "z0": 0.002, "total_supply": 34085668605164388, "pool_active_stake": 1340710579733, "pool_live_stake": 1361794936935, "declared_pledge": 60000000000, "live_pledge": 72301379299, "margin_cost": 0.0, "fixed_cost": 340000000, "block_minted": 0, "Re": 32742994184506.836, "total_rewards(R)": 26194395347605.47, "sigma_prime": 3.933355672917228e-05, "sigma_a": 5.6903691494206785e-05, "s_prime": 2.1211665270971237e-06, "f_s_sigma": 792791712.3559891, "beta": 0.0, "pool_perf": 0.0, "pool_reward": 0.0, "pool_fee": 340000000.0, "delegators_reward": -340000000.0}