{"epoch": 321, "total_active_stake": 23537719498083358, "total_fees": 243949058349, "block_count": 20096, "total_blocks": 21600, "max_supply": 45000000000000000, "rho": 0.003, "tau": 0.2, "a0": 0.3, "k": 500, "z0": 0.002, "total_supply": 34105094650086820, "pool_active_stake": 1343285582662, "pool_live_stake": 7799658727905, "declared_pledge": 60000000000, "live_pledge": 72727285333, "margin_cost": 0.0, "fixed_cost": 340000000, "block_minted": 0, "Re": 32684716049739.54, "total_rewards(R)": 26147772839791.633, "sigma_prime": 3.938665458764767e-05, "sigma_a": 5.7069487244564274e-05, "s_prime": 2.13244637140495e-06, "f_s_sigma": 792450181.0601625, "beta": 0.0, "pool_perf": 0.0, "pool_reward": 0.0, "pool_fee": 340000000.0, "delegators_reward": -340000000.0}