{"epoch": 322, "total_active_stake": 23504746248174263, "total_fees": 241654937960, "block_count": 20393, "total_blocks": 21600, "max_supply": 45000000000000000, "rho": 0.003, "tau": 0.2, "a0": 0.3, "k": 500, "z0": 0.002, "total_supply": 34124387217285203, "pool_active_stake": 1363745509752, "pool_live_stake": 7803546045425, "declared_pledge": 60000000000, "live_pledge": 72727285333, "margin_cost": 0.0, "fixed_cost": 340000000, "block_minted": 2, "Re": 32626838348144.39, "total_rewards(R)": 26101470678515.516, "sigma_prime": 3.996395601387429e-05, "sigma_a": 5.802000563430585e-05, "s_prime": 2.131240771296871e-06, "f_s_sigma": 802641590.8703061, "beta": 9.259259259259259e-05, "pool_perf": 1.5958735539633382, "pool_reward": 1280914488.180983, "pool_fee": 340000000.0, "delegators_reward": 940914488.1809831}