{"epoch": 323, "total_active_stake": 23487356050894396, "total_fees": 226099862852, "block_count": 20573, "total_blocks": 21600, "max_supply": 45000000000000000, "rho": 0.003, "tau": 0.2, "a0": 0.3, "k": 500, "z0": 0.002, "total_supply": 34143444450366537, "pool_active_stake": 7803023617041, "pool_live_stake": 7960076237911, "declared_pledge": 60000000000, "live_pledge": 72727285333, "margin_cost": 0.0, "fixed_cost": 340000000, "block_minted": 9, "Re": 32569666648900.395, "total_rewards(R)": 26055733319120.316, "sigma_prime": 0.00022853650950137904, "sigma_a": 0.0003322223071908454, "s_prime": 2.130051214918337e-06, "f_s_sigma": 4581979389.904341, "beta": 0.0004166666666666667, "pool_perf": 1.25418028123955, "pool_reward": 5746628199.864048, "pool_fee": 340000000.0, "delegators_reward": 5406628199.864048}