{"epoch": 324, "total_active_stake": 23354498909628269, "total_fees": 218116421930, "block_count": 20380, "total_blocks": 21600, "max_supply": 45000000000000000, "rho": 0.003, "tau": 0.2, "a0": 0.3, "k": 500, "z0": 0.002, "total_supply": 34162713384255236, "pool_active_stake": 7806442488620, "pool_live_stake": 9686326685830, "declared_pledge": 60000000000, "live_pledge": 73117835001, "margin_cost": 0.0, "fixed_cost": 340000000, "block_minted": 7, "Re": 32511859847234.293, "total_rewards(R)": 26009487877787.438, "sigma_prime": 0.00022850768323975693, "sigma_a": 0.00033425861624467, "s_prime": 2.1402818382306314e-06, "f_s_sigma": 4573276969.059628, "beta": 0.00032407407407407406, "pool_perf": 0.9695309509594179, "pool_reward": 4433933568.813185, "pool_fee": 340000000.0, "delegators_reward": 4093933568.8131847}