{"epoch": 325, "total_active_stake": 23417671451022013, "total_fees": 197003983114, "block_count": 20541, "total_blocks": 21600, "max_supply": 45000000000000000, "rho": 0.003, "tau": 0.2, "a0": 0.3, "k": 500, "z0": 0.002, "total_supply": 34182105422485873, "pool_active_stake": 7964739899017, "pool_live_stake": 9745047375054, "declared_pledge": 60000000000, "live_pledge": 73508488898, "margin_cost": 0.0, "fixed_cost": 340000000, "block_minted": 7, "Re": 32453683732542.383, "total_rewards(R)": 25962946986033.906, "sigma_prime": 0.00023300904963500545, "sigma_a": 0.0003401166471942024, "s_prime": 2.150496231564607e-06, "f_s_sigma": 4655028567.444209, "beta": 0.00032407407407407406, "pool_perf": 0.9528321437587022, "pool_reward": 4435460849.175866, "pool_fee": 340000000.0, "delegators_reward": 4095460849.175866}