{"epoch": 326, "total_active_stake": 23301004853802289, "total_fees": 226748921164, "block_count": 20534, "total_blocks": 21600, "max_supply": 45000000000000000, "rho": 0.003, "tau": 0.2, "a0": 0.3, "k": 500, "z0": 0.002, "total_supply": 34201243285460572, "pool_active_stake": 9692763822421, "pool_live_stake": 9746090186878, "declared_pledge": 60000000000, "live_pledge": 73886823159, "margin_cost": 0.0, "fixed_cost": 340000000, "block_minted": 11, "Re": 32396270143618.285, "total_rewards(R)": 25917016114894.63, "sigma_prime": 0.00028340384416789693, "sigma_a": 0.00041598050741744393, "s_prime": 2.160354889508076e-06, "f_s_sigma": 5651805068.279554, "beta": 0.0005092592592592592, "pool_perf": 1.2242382760214492, "pool_reward": 6919156093.199851, "pool_fee": 340000000.0, "delegators_reward": 6579156093.199851}