{"epoch": 327, "total_active_stake": 23258804977034064, "total_fees": 229617380821, "block_count": 20346, "total_blocks": 21600, "max_supply": 45000000000000000, "rho": 0.003, "tau": 0.2, "a0": 0.3, "k": 500, "z0": 0.002, "total_supply": 34220542616811582, "pool_active_stake": 9750205664998, "pool_live_stake": 7428286878634, "declared_pledge": 60000000000, "live_pledge": 74264582871, "margin_cost": 0.0, "fixed_cost": 340000000, "block_minted": 9, "Re": 32338372149565.254, "total_rewards(R)": 25870697719652.203, "sigma_prime": 0.0002849225909178892, "sigma_a": 0.0004192049279670832, "s_prime": 2.1701754908619105e-06, "f_s_sigma": 5671946194.310125, "beta": 0.0004166666666666667, "pool_perf": 0.9939450585356292, "pool_reward": 5637602892.114517, "pool_fee": 340000000.0, "delegators_reward": 5297602892.114517}