{"epoch": 328, "total_active_stake": 23216173396125970, "total_fees": 227208702587, "block_count": 20579, "total_blocks": 21600, "max_supply": 45000000000000000, "rho": 0.003, "tau": 0.2, "a0": 0.3, "k": 500, "z0": 0.002, "total_supply": 34239675266895397, "pool_active_stake": 9751590345296, "pool_live_stake": 7420145706378, "declared_pledge": 60000000000, "live_pledge": 74654737842, "margin_cost": 0.0, "fixed_cost": 340000000, "block_minted": 8, "Re": 32280974199313.812, "total_rewards(R)": 25824779359451.05, "sigma_prime": 0.00028480382098495887, "sigma_a": 0.00042003435186796224, "s_prime": 2.1803576482566667e-06, "f_s_sigma": 5659527325.221172, "beta": 0.00037037037037037035, "pool_perf": 0.8817620957030587, "pool_reward": 4990356674.975747, "pool_fee": 340000000.0, "delegators_reward": 4650356674.975747}