{"epoch": 329, "total_active_stake": 24598636428762437, "total_fees": 232457560903, "block_count": 20353, "total_blocks": 21600, "max_supply": 45000000000000000, "rho": 0.003, "tau": 0.2, "a0": 0.3, "k": 500, "z0": 0.002, "total_supply": 34258602060047673, "pool_active_stake": 7433423774086, "pool_live_stake": 6408725023903, "declared_pledge": 60000000000, "live_pledge": 75035102492, "margin_cost": 0.0, "fixed_cost": 340000000, "block_minted": 5, "Re": 32224193819856.984, "total_rewards(R)": 25779355055885.59, "sigma_prime": 0.0002169797752125691, "sigma_a": 0.0003021884483561993, "s_prime": 2.1902558183921293e-06, "f_s_sigma": 4304169106.996988, "beta": 0.0002314814814814815, "pool_perf": 0.7660169762962838, "pool_reward": 3297066604.809709, "pool_fee": 340000000.0, "delegators_reward": 2957066604.809709}