{"epoch": 330, "total_active_stake": 24587384093653744, "total_fees": 215991479619, "block_count": 20685, "total_blocks": 21600, "max_supply": 45000000000000000, "rho": 0.003, "tau": 0.2, "a0": 0.3, "k": 500, "z0": 0.002, "total_supply": 34277702081604806, "pool_active_stake": 7424564897166, "pool_live_stake": 6407351097269, "declared_pledge": 60000000000, "live_pledge": 75410708301, "margin_cost": 0.0, "fixed_cost": 340000000, "block_minted": 8, "Re": 32166893755185.582, "total_rewards(R)": 25733515004148.47, "sigma_prime": 0.0002166004266998518, "sigma_a": 0.0003019664421756179, "s_prime": 2.199993106932022e-06, "f_s_sigma": 4289010037.9431796, "beta": 0.00037037037037037035, "pool_perf": 1.22652824499939, "pool_reward": 5260591954.623215, "pool_fee": 340000000.0, "delegators_reward": 4920591954.623215}