{"epoch": 331, "total_active_stake": 24665771640296284, "total_fees": 176480861305, "block_count": 20704, "total_blocks": 21600, "max_supply": 45000000000000000, "rho": 0.003, "tau": 0.2, "a0": 0.3, "k": 500, "z0": 0.002, "total_supply": 34297263283873291, "pool_active_stake": 6412203889228, "pool_live_stake": 6411039705040, "declared_pledge": 60000000000, "live_pledge": 75780580367, "margin_cost": 0.0, "fixed_cost": 340000000, "block_minted": 4, "Re": 32108210148380.125, "total_rewards(R)": 25686568118704.1, "sigma_prime": 0.000186959636871174, "sigma_a": 0.0002599636444680462, "s_prime": 2.2095226589881393e-06, "f_s_sigma": 3695327716.7164917, "beta": 0.00018518518518518518, "pool_perf": 0.7123503194614872, "pool_reward": 2632367879.517881, "pool_fee": 340000000.0, "delegators_reward": 2292367879.517881}