{"epoch": 332, "total_active_stake": 24727842768797003, "total_fees": 211816288426, "block_count": 20391, "total_blocks": 21600, "max_supply": 45000000000000000, "rho": 0.003, "tau": 0.2, "a0": 0.3, "k": 500, "z0": 0.002, "total_supply": 34317128315517847, "pool_active_stake": 6410256619341, "pool_live_stake": 6535727541433, "declared_pledge": 60000000000, "live_pledge": 76170551252, "margin_cost": 0.0, "fixed_cost": 340000000, "block_minted": 7, "Re": 32048615053446.457, "total_rewards(R)": 25638892042757.168, "sigma_prime": 0.0001867946688430322, "sigma_a": 0.00025923234304246816, "s_prime": 2.2196073794891654e-06, "f_s_sigma": 3685219765.7409296, "beta": 0.00032407407407407406, "pool_perf": 1.2501297880912312, "pool_reward": 4607003004.815325, "pool_fee": 340000000.0, "delegators_reward": 4267003004.815325}