{"epoch": 333, "total_active_stake": 24714063915931440, "total_fees": 209376078021, "block_count": 20290, "total_blocks": 21600, "max_supply": 45000000000000000, "rho": 0.003, "tau": 0.2, "a0": 0.3, "k": 500, "z0": 0.002, "total_supply": 34337045248695980, "pool_active_stake": 6415647104565, "pool_live_stake": 6869710469721, "declared_pledge": 60000000000, "live_pledge": 76537610604, "margin_cost": 0.0, "fixed_cost": 340000000, "block_minted": 6, "Re": 31988864253912.062, "total_rewards(R)": 25591091403129.652, "sigma_prime": 0.00018684330751518718, "sigma_a": 0.0002595949871453265, "s_prime": 2.2290098070365176e-06, "f_s_sigma": 3679311984.4222836, "beta": 0.0002777777777777778, "pool_perf": 1.070042918903793, "pool_reward": 3937021735.3689275, "pool_fee": 340000000.0, "delegators_reward": 3597021735.3689275}