{"epoch": 334, "total_active_stake": 24776127551439804, "total_fees": 192921162356, "block_count": 20232, "total_blocks": 21600, "max_supply": 45000000000000000, "rho": 0.003, "tau": 0.2, "a0": 0.3, "k": 500, "z0": 0.002, "total_supply": 34356649223797810, "pool_active_stake": 6538368275826, "pool_live_stake": 6884304604211, "declared_pledge": 60000000000, "live_pledge": 76928298340, "margin_cost": 0.0, "fixed_cost": 340000000, "block_minted": 2, "Re": 31930052328606.57, "total_rewards(R)": 25544041862885.258, "sigma_prime": 0.00019030867164126908, "sigma_a": 0.0002638979098832593, "s_prime": 2.239109461428913e-06, "f_s_sigma": 3740667711.1937146, "beta": 9.259259259259259e-05, "pool_perf": 0.35086519871852273, "pool_reward": 1312470119.8279443, "pool_fee": 340000000.0, "delegators_reward": 972470119.8279443}