{"epoch": 335, "total_active_stake": 24769119181729635, "total_fees": 205828054439, "block_count": 20446, "total_blocks": 21600, "max_supply": 45000000000000000, "rho": 0.003, "tau": 0.2, "a0": 0.3, "k": 500, "z0": 0.002, "total_supply": 34376104493876448, "pool_active_stake": 6874338130106, "pool_live_stake": 6888178649098, "declared_pledge": 60000000000, "live_pledge": 77311214037, "margin_cost": 0.0, "fixed_cost": 340000000, "block_minted": 5, "Re": 31871686518370.656, "total_rewards(R)": 25497349214696.527, "sigma_prime": 0.0001999743202820015, "sigma_a": 0.000277536640672176, "s_prime": 2.2489812378471143e-06, "f_s_sigma": 3923475183.694141, "beta": 0.0002314814814814815, "pool_perf": 0.8340573731844853, "pool_reward": 3272403405.4664507, "pool_fee": 340000000.0, "delegators_reward": 2932403405.4664507}