{"epoch": 336, "total_active_stake": 24767062828320552, "total_fees": 192024791502, "block_count": 20500, "total_blocks": 21600, "max_supply": 45000000000000000, "rho": 0.003, "tau": 0.2, "a0": 0.3, "k": 500, "z0": 0.002, "total_supply": 34395513302217682, "pool_active_stake": 6888259255830, "pool_live_stake": 6892547360537, "declared_pledge": 60000000000, "live_pledge": 77662658857, "margin_cost": 0.0, "fixed_cost": 340000000, "block_minted": 5, "Re": 31813460093346.953, "total_rewards(R)": 25450768074677.562, "sigma_prime": 0.00020026621482011357, "sigma_a": 0.0002781217661366546, "s_prime": 2.2579299275057666e-06, "f_s_sigma": 3922029037.3944974, "beta": 0.0002314814814814815, "pool_perf": 0.8323026446184133, "pool_reward": 3264315140.09365, "pool_fee": 340000000.0, "delegators_reward": 2924315140.09365}