{"epoch": 337, "total_active_stake": 24753443176758479, "total_fees": 173248817607, "block_count": 20794, "total_blocks": 21600, "max_supply": 45000000000000000, "rho": 0.003, "tau": 0.2, "a0": 0.3, "k": 500, "z0": 0.002, "total_supply": 34415073679547949, "pool_active_stake": 6889496329270, "pool_live_stake": 6895907370058, "declared_pledge": 60000000000, "live_pledge": 78035256238, "margin_cost": 0.0, "fixed_cost": 340000000, "block_minted": 7, "Re": 31754778961356.156, "total_rewards(R)": 25403823169084.926, "sigma_prime": 0.00020018833588504744, "sigma_a": 0.0002783247679958597, "s_prime": 2.2674731707569893e-06, "f_s_sigma": 3913277812.665897, "beta": 0.00032407407407407406, "pool_perf": 1.164373822738244, "pool_reward": 4556518246.170545, "pool_fee": 340000000.0, "delegators_reward": 4216518246.1705446}