{"epoch": 338, "total_active_stake": 24621517986831382, "total_fees": 172421937813, "block_count": 20640, "total_blocks": 21600, "max_supply": 45000000000000000, "rho": 0.003, "tau": 0.2, "a0": 0.3, "k": 500, "z0": 0.002, "total_supply": 34434625232042721, "pool_active_stake": 6895834011339, "pool_live_stake": 6903220325525, "declared_pledge": 60000000000, "live_pledge": 78408219368, "margin_cost": 0.0, "fixed_cost": 340000000, "block_minted": 9, "Re": 31696124303871.84, "total_rewards(R)": 25356899443097.473, "sigma_prime": 0.00020025872112359062, "sigma_a": 0.0002800734713037263, "s_prime": 2.277016777143205e-06, "f_s_sigma": 3907428378.0219264, "beta": 0.0004166666666666667, "pool_perf": 1.4877048680373288, "pool_reward": 5813100219.490424, "pool_fee": 340000000.0, "delegators_reward": 5473100219.490424}