{"epoch": 339, "total_active_stake": 24682659914204521, "total_fees": 168281312815, "block_count": 20678, "total_blocks": 21600, "max_supply": 45000000000000000, "rho": 0.003, "tau": 0.2, "a0": 0.3, "k": 500, "z0": 0.002, "total_supply": 34454413303999486, "pool_active_stake": 6899184325525, "pool_live_stake": 6910919868058, "declared_pledge": 60000000000, "live_pledge": 78795913527, "margin_cost": 0.0, "fixed_cost": 340000000, "block_minted": 3, "Re": 31636760088001.543, "total_rewards(R)": 25309408070401.234, "sigma_prime": 0.00020024094633833568, "sigma_a": 0.00027951543105589756, "s_prime": 2.286961406997847e-06, "f_s_sigma": 3899769612.651722, "beta": 0.0001388888888888889, "pool_perf": 0.49689166842854504, "pool_reward": 1937763029.317455, "pool_fee": 340000000.0, "delegators_reward": 1597763029.317455}