{"epoch": 340, "total_active_stake": 24476700813527397, "total_fees": 160002862256, "block_count": 20670, "total_blocks": 21600, "max_supply": 45000000000000000, "rho": 0.003, "tau": 0.2, "a0": 0.3, "k": 500, "z0": 0.002, "total_supply": 34473944916712595, "pool_active_stake": 6907791304895, "pool_live_stake": 6916408346587, "declared_pledge": 60000000000, "live_pledge": 79198057172, "margin_cost": 0.0, "fixed_cost": 340000000, "block_minted": 7, "Re": 31578165249862.21, "total_rewards(R)": 25262532199889.77, "sigma_prime": 0.00020037716372709575, "sigma_a": 0.0002822190522130054, "s_prime": 2.2973308498153814e-06, "f_s_sigma": 3895200715.6787286, "beta": 0.00032407407407407406, "pool_perf": 1.148306861400266, "pool_reward": 4472885708.345111, "pool_fee": 340000000.0, "delegators_reward": 4132885708.345111}