{"epoch": 341, "total_active_stake": 24555840771807746, "total_fees": 169007597834, "block_count": 20708, "total_blocks": 21600, "max_supply": 45000000000000000, "rho": 0.003, "tau": 0.2, "a0": 0.3, "k": 500, "z0": 0.002, "total_supply": 34493508170997146, "pool_active_stake": 6916751378269, "pool_live_stake": 6917839535511, "declared_pledge": 60000000000, "live_pledge": 79556282789, "margin_cost": 0.0, "fixed_cost": 340000000, "block_minted": 8, "Re": 31519475487008.562, "total_rewards(R)": 25215580389606.85, "sigma_prime": 0.00020052327945247237, "sigma_a": 0.0002816743862507056, "s_prime": 2.3064132066419547e-06, "f_s_sigma": 3890801585.6473103, "beta": 0.00037037037037037035, "pool_perf": 1.3148883549557837, "pool_reward": 5115969696.411146, "pool_fee": 340000000.0, "delegators_reward": 4775969696.411146}