{"epoch": 342, "total_active_stake": 24660991673767486, "total_fees": 163696811862, "block_count": 20990, "total_blocks": 21600, "max_supply": 45000000000000000, "rho": 0.003, "tau": 0.2, "a0": 0.3, "k": 500, "z0": 0.002, "total_supply": 34512850428993006, "pool_active_stake": 6918352050626, "pool_live_stake": 6924611823347, "declared_pledge": 60000000000, "live_pledge": 79943567946, "margin_cost": 0.0, "fixed_cost": 340000000, "block_minted": 1, "Re": 31461448713020.984, "total_rewards(R)": 25169158970416.79, "sigma_prime": 0.00020045727793071942, "sigma_a": 0.0002805382744597909, "s_prime": 2.3163420856957756e-06, "f_s_sigma": 3882366060.8800755, "beta": 4.6296296296296294e-05, "pool_perf": 0.1650266666302315, "pool_reward": 640693929.6653812, "pool_fee": 340000000.0, "delegators_reward": 300693929.6653812}