{"epoch": 343, "total_active_stake": 24538091587045780, "total_fees": 162340782180, "block_count": 20994, "total_blocks": 21600, "max_supply": 45000000000000000, "rho": 0.003, "tau": 0.2, "a0": 0.3, "k": 500, "z0": 0.002, "total_supply": 34532260334776043, "pool_active_stake": 6924632171201, "pool_live_stake": 6929348164661, "declared_pledge": 60000000000, "live_pledge": 80338435585, "margin_cost": 0.0, "fixed_cost": 340000000, "block_minted": 6, "Re": 31403218995671.867, "total_rewards(R)": 25122575196537.496, "sigma_prime": 0.00020052646725321607, "sigma_a": 0.00028219929600624167, "s_prime": 2.3264748616555055e-06, "f_s_sigma": 3876523790.6843824, "beta": 0.0002777777777777778, "pool_perf": 0.9843319303377494, "pool_reward": 3815786145.8845677, "pool_fee": 340000000.0, "delegators_reward": 3475786145.8845677}