{"epoch": 344, "total_active_stake": 24602095926151255, "total_fees": 138919762103, "block_count": 20776, "total_blocks": 21600, "max_supply": 45000000000000000, "rho": 0.003, "tau": 0.2, "a0": 0.3, "k": 500, "z0": 0.002, "total_supply": 34551950039958300, "pool_active_stake": 6929743681008, "pool_live_stake": 6929990687060, "declared_pledge": 60000000000, "live_pledge": 80681914384, "margin_cost": 0.0, "fixed_cost": 340000000, "block_minted": 9, "Re": 31344149880125.1, "total_rewards(R)": 25075319904100.082, "sigma_prime": 0.0002005601325827908, "sigma_a": 0.0002816728990005238, "s_prime": 2.335090039511338e-06, "f_s_sigma": 3869886573.5875173, "beta": 0.0004166666666666667, "pool_perf": 1.4792572098528083, "pool_reward": 5724557615.291915, "pool_fee": 340000000.0, "delegators_reward": 5384557615.291915}