{"epoch": 345, "total_active_stake": 24677704327308250, "total_fees": 121086316506, "block_count": 21030, "total_blocks": 21600, "max_supply": 45000000000000000, "rho": 0.003, "tau": 0.2, "a0": 0.3, "k": 500, "z0": 0.002, "total_supply": 34571529889232597, "pool_active_stake": 6929990687060, "pool_live_stake": 6929990687060, "declared_pledge": 60000000000, "live_pledge": 81062164093, "margin_cost": 0.0, "fixed_cost": 340000000, "block_minted": 5, "Re": 31285410332302.21, "total_rewards(R)": 25028328265841.77, "sigma_prime": 0.00020045368860631087, "sigma_a": 0.0002808199091433031, "s_prime": 2.3447664697721995e-06, "f_s_sigma": 3860589776.904184, "beta": 0.0002314814814814815, "pool_perf": 0.824305805765915, "pool_reward": 3182306566.782657, "pool_fee": 340000000.0, "delegators_reward": 2842306566.782657}