{"epoch": 346, "total_active_stake": 24637590261789712, "total_fees": 116216272055, "block_count": 20578, "total_blocks": 21600, "max_supply": 45000000000000000, "rho": 0.003, "tau": 0.2, "a0": 0.3, "k": 500, "z0": 0.002, "total_supply": 34590894254518882, "pool_active_stake": 6944570701799, "pool_live_stake": 6982821828461, "declared_pledge": 60000000000, "live_pledge": 81464726634, "margin_cost": 0.0, "fixed_cost": 340000000, "block_minted": 4, "Re": 31227317236443.355, "total_rewards(R)": 24981853789154.688, "sigma_prime": 0.00020076297104957834, "sigma_a": 0.00028186890958119764, "s_prime": 2.355091661828246e-06, "f_s_sigma": 3859372508.6828094, "beta": 0.00018518518518518518, "pool_perf": 0.6569904621986665, "pool_reward": 2535570928.276346, "pool_fee": 340000000.0, "delegators_reward": 2195570928.276346}