{"epoch": 347, "total_active_stake": 24669825450454874, "total_fees": 122720682635, "block_count": 19345, "total_blocks": 21600, "max_supply": 45000000000000000, "rho": 0.003, "tau": 0.2, "a0": 0.3, "k": 500, "z0": 0.002, "total_supply": 34610493128883036, "pool_active_stake": 6982842176315, "pool_live_stake": 6981083623266, "declared_pledge": 60000000000, "live_pledge": 81837872350, "margin_cost": 0.0, "fixed_cost": 340000000, "block_minted": 3, "Re": 31168520613350.895, "total_rewards(R)": 24934816490680.72, "sigma_prime": 0.00020175506168930316, "sigma_a": 0.0002830519490435327, "s_prime": 2.364539333353356e-06, "f_s_sigma": 3871146876.372882, "beta": 0.0001388888888888889, "pool_perf": 0.49068338641797554, "pool_reward": 1899507458.6200137, "pool_fee": 340000000.0, "delegators_reward": 1559507458.6200137}