{"epoch": 348, "total_active_stake": 24670614381381442, "total_fees": 123792277750, "block_count": 19978, "total_blocks": 21600, "max_supply": 45000000000000000, "rho": 0.003, "tau": 0.2, "a0": 0.3, "k": 500, "z0": 0.002, "total_supply": 34629622050145468, "pool_active_stake": 6986008231974, "pool_live_stake": 3071772845992, "declared_pledge": 60000000000, "live_pledge": 82203541064, "margin_cost": 0.0, "fixed_cost": 340000000, "block_minted": 2, "Re": 31111133849563.598, "total_rewards(R)": 24888907079650.88, "sigma_prime": 0.00020173504122736026, "sigma_a": 0.0002831712305165063, "s_prime": 2.373792614454904e-06, "f_s_sigma": 3863641223.1963716, "beta": 9.259259259259259e-05, "pool_perf": 0.32698446245299373, "pool_reward": 1263350648.4780927, "pool_fee": 340000000.0, "delegators_reward": 923350648.4780927}