{"epoch": 349, "total_active_stake": 24435357519567074, "total_fees": 125541678700, "block_count": 20972, "total_blocks": 21600, "max_supply": 45000000000000000, "rho": 0.003, "tau": 0.2, "a0": 0.3, "k": 500, "z0": 0.002, "total_supply": 34647588070217298, "pool_active_stake": 6983623241337, "pool_live_stake": 3071392598344, "declared_pledge": 60000000000, "live_pledge": 82561777207, "margin_cost": 0.0, "fixed_cost": 340000000, "block_minted": 7, "Re": 31057235789348.105, "total_rewards(R)": 24845788631478.484, "sigma_prime": 0.00020156159866550853, "sigma_a": 0.0002857999206987142, "s_prime": 2.382901142777359e-06, "f_s_sigma": 3853636821.031494, "beta": 0.00032407407407407406, "pool_perf": 1.133919398164242, "pool_reward": 4369713544.847594, "pool_fee": 340000000.0, "delegators_reward": 4029713544.8475943}