{"epoch": 350, "total_active_stake": 24444238585047094, "total_fees": 115135305638, "block_count": 20958, "total_blocks": 21600, "max_supply": 45000000000000000, "rho": 0.003, "tau": 0.2, "a0": 0.3, "k": 500, "z0": 0.002, "total_supply": 34666100956875128, "pool_active_stake": 3072800015706, "pool_live_stake": 3046514778539, "declared_pledge": 60000000000, "live_pledge": 82912622769, "margin_cost": 0.0, "fixed_cost": 340000000, "block_minted": 1, "Re": 31001697129374.617, "total_rewards(R)": 24801357703499.695, "sigma_prime": 8.863990846644636e-05, "sigma_a": 0.00012570651382799372, "s_prime": 2.3917493020672813e-06, "f_s_sigma": 1691660337.1259482, "beta": 4.6296296296296294e-05, "pool_perf": 0.36828876154854057, "pool_reward": 623019490.520902, "pool_fee": 340000000.0, "delegators_reward": 283019490.52090204}