{"epoch": 351, "total_active_stake": 24456415918186222, "total_fees": 141792415732, "block_count": 20893, "total_blocks": 21600, "max_supply": 45000000000000000, "rho": 0.003, "tau": 0.2, "a0": 0.3, "k": 500, "z0": 0.002, "total_supply": 34685358797299525, "pool_active_stake": 3072139765824, "pool_live_stake": 3046583680734, "declared_pledge": 60000000000, "live_pledge": 83300145811, "margin_cost": 0.0, "fixed_cost": 340000000, "block_minted": 1, "Re": 30943923608101.43, "total_rewards(R)": 24755138886481.145, "sigma_prime": 8.85716588309643e-05, "sigma_a": 0.000125616925067892, "s_prime": 2.4015938914688535e-06, "f_s_sigma": 1687210083.7884161, "beta": 4.6296296296296294e-05, "pool_perf": 0.36855142148460174, "pool_reward": 621823674.7233747, "pool_fee": 340000000.0, "delegators_reward": 281823674.7233747}