{"epoch": 352, "total_active_stake": 24441961174746539, "total_fees": 134611424626, "block_count": 20575, "total_blocks": 21600, "max_supply": 45000000000000000, "rho": 0.003, "tau": 0.2, "a0": 0.3, "k": 500, "z0": 0.002, "total_supply": 34704571713016927, "pool_active_stake": 3048615548940, "pool_live_stake": 3046204902186, "declared_pledge": 60000000000, "live_pledge": 83647772118, "margin_cost": 0.0, "fixed_cost": 340000000, "block_minted": 6, "Re": 30886284860949.215, "total_rewards(R)": 24709027888759.375, "sigma_prime": 8.784478235749358e-05, "sigma_a": 0.0001247287616220352, "s_prime": 2.410281066417124e-06, "f_s_sigma": 1670248722.8013687, "beta": 0.0002777777777777778, "pool_perf": 2.2270547239098395, "pool_reward": 3719735308.2191644, "pool_fee": 340000000.0, "delegators_reward": 3379735308.2191644}